-- phpMyAdmin SQL Dump
-- version 3.5.1
-- http://www.phpmyadmin.net
--
-- Host: localhost
-- Generation Time: Apr 12, 2021 at 10:08 AM
-- Server version: 5.5.24-log
-- PHP Version: 5.3.13

SET SQL_MODE="NO_AUTO_VALUE_ON_ZERO";
SET time_zone = "+00:00";


/*!40101 SET @OLD_CHARACTER_SET_CLIENT=@@CHARACTER_SET_CLIENT */;
/*!40101 SET @OLD_CHARACTER_SET_RESULTS=@@CHARACTER_SET_RESULTS */;
/*!40101 SET @OLD_COLLATION_CONNECTION=@@COLLATION_CONNECTION */;
/*!40101 SET NAMES utf8 */;

--
-- Database: `polyhi`
--

-- --------------------------------------------------------

--
-- Table structure for table `admin`
--

CREATE TABLE IF NOT EXISTS `admin` (
  `id` bigint(20) NOT NULL AUTO_INCREMENT,
  `username` varchar(255) NOT NULL,
  `password` varchar(255) NOT NULL,
  PRIMARY KEY (`id`)
) ENGINE=InnoDB  DEFAULT CHARSET=latin1 AUTO_INCREMENT=3 ;

--
-- Dumping data for table `admin`
--

INSERT INTO `admin` (`id`, `username`, `password`) VALUES
(1, 'admin', '90b9aa7e25f80cf4f64e990b78a9fc5ebd6cecad'),
(2, 'admin', '90b9aa7e25f80cf4f64e990b78a9fc5ebd6cecad');

-- --------------------------------------------------------

--
-- Table structure for table `conversation`
--

CREATE TABLE IF NOT EXISTS `conversation` (
  `id` bigint(20) NOT NULL AUTO_INCREMENT,
  `iden` bigint(20) NOT NULL,
  `user` varchar(20) NOT NULL,
  `by` varchar(20) NOT NULL,
  `message` varchar(1000) NOT NULL,
  `model_id` bigint(20) NOT NULL,
  `dates` varchar(30) NOT NULL,
  PRIMARY KEY (`id`)
) ENGINE=InnoDB  DEFAULT CHARSET=latin1 AUTO_INCREMENT=406 ;

--
-- Dumping data for table `conversation`
--

INSERT INTO `conversation` (`id`, `iden`, `user`, `by`, `message`, `model_id`, `dates`) VALUES
(1, 1737, 'Ore', 'user', 'rector', 1, 'Monday Nov 25, 2019 08:02'),
(2, 150, 'Ore', 'user', 'rector', 1, 'Monday Nov 25, 2019 08:06'),
(3, 986, 'Ore', 'machine', '<img src=''img/93d37b904d3cd2156dd389dc936b3dffa99963254374.jpeg'' width=''60px'' height=''50px''><br> Prof. Kazeem Adekunle Adebiyi', 1, 'Monday Nov 25, 2019 08:06'),
(4, 7975, 'Ore', 'user', 'rector', 1, 'Monday Nov 25, 2019 08:13'),
(5, 2436, 'Ore', 'machine', '<img src=''img/93d37b904d3cd2156dd389dc936b3dffa99963254374.jpeg'' width=''60px'' height=''50px''><br> Prof. Kazeem Adekunle Adebiyi', 1, 'Monday Nov 25, 2019 08:13'),
(6, 5803, 'Ore', 'user', 'poly rector', 3, 'Monday Nov 25, 2019 08:13'),
(7, 9399, 'Ore', 'machine', '<img src=''img/93d37b904d3cd2156dd389dc936b3dffa99963254374.jpeg'' width=''60px'' height=''50px''><br> Prof. Kazeem Adekunle Adebiyi', 3, 'Monday Nov 25, 2019 08:13'),
(8, 3868, 'Ore', 'user', 'What is the name if the ibadan polytechnic Registrar', 0, 'Monday Nov 25, 2019 08:19'),
(9, 7155, 'Ore', 'machine', 'PolyHi cannot provide a reply at the moment... Please try again later', 0, 'Monday Nov 25, 2019 08:19'),
(10, 9408, 'Ore', 'user', 'What is the name if the ibadan polytechnic Registrar', 15, 'Monday Nov 25, 2019 08:20'),
(11, 1195, 'Ore', 'machine', '<img src=''img/23eff4517ba6c55fb3d3e13757f718ad1129a2eb6364.jpeg'' width=''60px'' height=''50px''><br> Mrs. Modupe Theresa Fawale', 15, 'Monday Nov 25, 2019 08:20'),
(12, 6897, 'Ore', 'user', 'What is the name of the ibadan polytechnic Registrar', 0, 'Monday Nov 25, 2019 08:29'),
(13, 8258, 'Ore', 'machine', 'PolyHi cannot provide a reply at the moment... Please try again later', 0, 'Monday Nov 25, 2019 08:29'),
(14, 5157, 'Ore', 'user', 'What is the name of the ibadan polytechnic Registrar', 15, 'Monday Nov 25, 2019 08:42'),
(15, 5740, 'Ore', 'machine', '<img src=''img/23eff4517ba6c55fb3d3e13757f718ad1129a2eb6364.jpeg'' width=''60px'' height=''50px''><br> Mrs. Modupe Theresa Fawale', 15, 'Monday Nov 25, 2019 08:42'),
(16, 6065, 'Ore', 'user', 'What is the name the ibadan polytechnic Registrar', 0, 'Monday Nov 25, 2019 08:42'),
(17, 9798, 'Ore', 'machine', 'PolyHi cannot provide a reply at the moment... Please try again later', 0, 'Monday Nov 25, 2019 08:42'),
(18, 7651, 'Ore', 'user', 'What is the name the ibadan polytechnic Registrar', 0, 'Monday Nov 25, 2019 08:44'),
(19, 2046, 'Ore', 'machine', 'PolyHi cannot provide a reply at the moment... Please try again later', 0, 'Monday Nov 25, 2019 08:44'),
(20, 2650, 'Ore', 'user', 'What is the name the ibadan polytechnic Registrar', 0, 'Monday Nov 25, 2019 08:46'),
(21, 266, 'Ore', 'machine', 'PolyHi cannot provide a reply at the moment... Please try again later', 0, 'Monday Nov 25, 2019 08:46'),
(22, 3479, 'Ore', 'user', 'regist', 7, 'Monday Nov 25, 2019 08:46'),
(23, 6433, 'Ore', 'machine', '<img src=''img/23eff4517ba6c55fb3d3e13757f718ad1129a2eb6364.jpeg'' width=''60px'' height=''50px''><br> Mrs. Modupe Theresa Fawale', 7, 'Monday Nov 25, 2019 08:46'),
(24, 3524, 'Ore', 'user', 're', 1, 'Monday Nov 25, 2019 08:47'),
(25, 3012, 'Ore', 'machine', '<img src=''img/93d37b904d3cd2156dd389dc936b3dffa99963254374.jpeg'' width=''60px'' height=''50px''><br> Prof. Kazeem Adekunle Adebiyi', 1, 'Monday Nov 25, 2019 08:47'),
(26, 6315, 'Ore', 'user', 'reg', 7, 'Monday Nov 25, 2019 08:47'),
(27, 6541, 'Ore', 'machine', '<img src=''img/23eff4517ba6c55fb3d3e13757f718ad1129a2eb6364.jpeg'' width=''60px'' height=''50px''><br> Mrs. Modupe Theresa Fawale', 7, 'Monday Nov 25, 2019 08:47'),
(28, 3678, 'Ore', 'user', 'who reg', 0, 'Monday Nov 25, 2019 08:51'),
(29, 8452, 'Ore', 'machine', 'PolyHi cannot provide a reply at the moment... Please try again later', 0, 'Monday Nov 25, 2019 08:51'),
(30, 2696, 'Ore', 'user', 'who is reg', 0, 'Monday Nov 25, 2019 08:51'),
(31, 8796, 'Ore', 'machine', 'PolyHi cannot provide a reply at the moment... Please try again later', 0, 'Monday Nov 25, 2019 08:51'),
(32, 9492, 'Ore', 'user', 'who is the reg', 11, 'Monday Nov 25, 2019 08:52'),
(33, 109, 'Ore', 'machine', '<img src=''img/23eff4517ba6c55fb3d3e13757f718ad1129a2eb6364.jpeg'' width=''60px'' height=''50px''><br> Mrs. Modupe Theresa Fawale', 11, 'Monday Nov 25, 2019 08:52'),
(34, 500, 'Ore', 'user', 'WTS0NMBTNPLTXNKRJSTRR', 0, 'Monday Nov 25, 2019 08:57'),
(35, 4542, 'Ore', 'machine', 'PolyHi cannot provide a reply at the moment... Please try again later', 0, 'Monday Nov 25, 2019 08:57'),
(36, 8670, 'Ore', 'user', 'What is the name of the ibadan polytechnic Registrar', 15, 'Monday Nov 25, 2019 08:57'),
(37, 8526, 'Ore', 'machine', '<img src=''img/23eff4517ba6c55fb3d3e13757f718ad1129a2eb6364.jpeg'' width=''60px'' height=''50px''><br> Mrs. Modupe Theresa Fawale', 15, 'Monday Nov 25, 2019 08:57'),
(38, 3495, 'Ore', 'user', 'What is the name of the ibadan polytechnic Registrar', 15, 'Monday Nov 25, 2019 08:57'),
(39, 5943, 'Ore', 'machine', '<img src=''img/23eff4517ba6c55fb3d3e13757f718ad1129a2eb6364.jpeg'' width=''60px'' height=''50px''><br> Mrs. Modupe Theresa Fawale', 15, 'Monday Nov 25, 2019 08:57'),
(40, 2657, 'Ore', 'user', 'RK', 0, 'Monday Nov 25, 2019 08:57'),
(41, 6460, 'Ore', 'machine', 'PolyHi cannot provide a reply at the moment... Please try again later', 0, 'Monday Nov 25, 2019 08:57'),
(42, 3018, 'Ore', 'user', 'WT', 0, 'Monday Nov 25, 2019 09:00'),
(43, 2064, 'Ore', 'machine', 'PolyHi cannot provide a reply at the moment... Please try again later', 0, 'Monday Nov 25, 2019 09:00'),
(44, 6853, 'Ore', 'user', 'W', 2, 'Monday Nov 25, 2019 09:01'),
(45, 1679, 'Ore', 'machine', '<img src=''img/93d37b904d3cd2156dd389dc936b3dffa99963254374.jpeg'' width=''60px'' height=''50px''><br> Prof. Kazeem Adekunle Adebiyi', 2, 'Monday Nov 25, 2019 09:01'),
(46, 7729, 'Ore', 'user', 'WTS0NMF0', 0, 'Monday Nov 25, 2019 09:01'),
(47, 9937, 'Ore', 'machine', 'PolyHi cannot provide a reply at the moment... Please try again later', 0, 'Monday Nov 25, 2019 09:01'),
(48, 196, 'Ore', 'user', 'What is the name of the ibadan polytechnic Registrar', 15, 'Monday Nov 25, 2019 09:34'),
(49, 4686, 'Ore', 'machine', '<img src=''img/23eff4517ba6c55fb3d3e13757f718ad1129a2eb6364.jpeg'' width=''60px'' height=''50px''><br> Mrs. Modupe Theresa Fawale', 15, 'Monday Nov 25, 2019 09:34'),
(50, 5577, 'Ore', 'user', 'what is the', 0, 'Monday Nov 25, 2019 09:34'),
(51, 3872, 'Ore', 'machine', 'PolyHi cannot provide a reply at the moment... Please try again later', 0, 'Monday Nov 25, 2019 09:34'),
(52, 8083, 'Oreoluwa', 'user', 'rector', 1, 'Wednesday Nov 27, 2019 17:28'),
(53, 4176, 'Oreoluwa', 'machine', '<img src=''img/93d37b904d3cd2156dd389dc936b3dffa99963254374.jpeg'' width=''60px'' height=''50px''><br> Prof. Kazeem Adekunle Adebiyi', 1, 'Wednesday Nov 27, 2019 17:28'),
(54, 4003, 'Oreoluwa', 'user', 'rector', 1, 'Wednesday Nov 27, 2019 17:28'),
(55, 5622, 'Oreoluwa', 'machine', '<img src=''img/93d37b904d3cd2156dd389dc936b3dffa99963254374.jpeg'' width=''60px'' height=''50px''><br> Prof. Kazeem Adekunle Adebiyi', 1, 'Wednesday Nov 27, 2019 17:28'),
(56, 2210, 'Oreoluwa', 'user', 'who is the rector', 2, 'Wednesday Nov 27, 2019 17:28'),
(57, 9991, 'Oreoluwa', 'machine', '<img src=''img/93d37b904d3cd2156dd389dc936b3dffa99963254374.jpeg'' width=''60px'' height=''50px''><br> Prof. Kazeem Adekunle Adebiyi', 2, 'Wednesday Nov 27, 2019 17:28'),
(58, 8040, 'Oreoluwa', 'user', 'regis', 0, 'Wednesday Nov 27, 2019 17:28'),
(59, 7939, 'Oreoluwa', 'machine', 'PolyHi cannot provide a reply at the moment... Please try again later', 0, 'Wednesday Nov 27, 2019 17:28'),
(60, 318, 'Oreoluwa', 'user', 'reg', 0, 'Wednesday Nov 27, 2019 17:28'),
(61, 3984, 'Oreoluwa', 'machine', 'PolyHi cannot provide a reply at the moment... Please try again later', 0, 'Wednesday Nov 27, 2019 17:28'),
(62, 5413, 'Oreoluwa', 'user', 'registrar', 7, 'Wednesday Nov 27, 2019 17:28'),
(63, 8336, 'Oreoluwa', 'machine', '<img src=''img/23eff4517ba6c55fb3d3e13757f718ad1129a2eb6364.jpeg'' width=''60px'' height=''50px''><br> Mrs. Modupe Theresa Fawale', 7, 'Wednesday Nov 27, 2019 17:28'),
(64, 3772, 'Oreoluwa', 'user', 'who is the registrar', 11, 'Wednesday Nov 27, 2019 17:29'),
(65, 4243, 'Oreoluwa', 'machine', '<img src=''img/23eff4517ba6c55fb3d3e13757f718ad1129a2eb6364.jpeg'' width=''60px'' height=''50px''><br> Mrs. Modupe Theresa Fawale', 11, 'Wednesday Nov 27, 2019 17:29'),
(66, 3721, 'Oreoluwa', 'user', 'Official website', 22, 'Wednesday Nov 27, 2019 17:33'),
(67, 4689, 'Oreoluwa', 'machine', 'https://www,polyibadan.edu.ng', 22, 'Wednesday Nov 27, 2019 17:33'),
(68, 1936, 'Oreoluwa', 'user', 'logo', 24, 'Wednesday Nov 27, 2019 17:39'),
(69, 7203, 'Oreoluwa', 'machine', '<img src=''img/89849a7592646f96d764e32f2bcd984672f11c8e395.png'' width=''100px'' height=''110px''><br> Ibadan Poly Logo', 24, 'Wednesday Nov 27, 2019 17:39'),
(70, 8278, 'Oreoluwa', 'user', 'log', 0, 'Wednesday Nov 27, 2019 17:40'),
(71, 2293, 'Oreoluwa', 'machine', 'PolyHi cannot provide a reply at the moment... Please try again later', 0, 'Wednesday Nov 27, 2019 17:40'),
(72, 4782, 'Oreoluwa', 'user', 'poly', 0, 'Wednesday Nov 27, 2019 17:40'),
(73, 7407, 'Oreoluwa', 'machine', 'PolyHi cannot provide a reply at the moment... Please try again later', 0, 'Wednesday Nov 27, 2019 17:40'),
(74, 5417, 'Oreoluwa', 'user', 'poly logo', 25, 'Wednesday Nov 27, 2019 17:40'),
(75, 5799, 'Oreoluwa', 'machine', '<img src=''img/89849a7592646f96d764e32f2bcd984672f11c8e395.png'' width=''100px'' height=''110px''><br> Ibadan Poly Logo', 25, 'Wednesday Nov 27, 2019 17:40'),
(76, 3565, 'Oreoluwa', 'user', 'poly logo', 25, 'Wednesday Nov 27, 2019 17:40'),
(77, 4079, 'Oreoluwa', 'machine', '<img src=''img/89849a7592646f96d764e32f2bcd984672f11c8e395.png'' width=''100px'' height=''110px''><br> Ibadan Poly Logo', 25, 'Wednesday Nov 27, 2019 17:40'),
(78, 9342, 'Oreoluwa', 'user', 'logos', 0, 'Wednesday Nov 27, 2019 17:42'),
(79, 522, 'Oreoluwa', 'machine', 'PolyHi cannot provide a reply at the moment... Please try again later', 0, 'Wednesday Nov 27, 2019 17:42'),
(80, 7423, 'Oreoluwa', 'user', 'logu', 0, 'Wednesday Nov 27, 2019 17:42'),
(81, 6178, 'Oreoluwa', 'machine', 'PolyHi cannot provide a reply at the moment... Please try again later', 0, 'Wednesday Nov 27, 2019 17:42'),
(82, 6127, 'Oreoluwa', 'user', 'loGo', 24, 'Wednesday Nov 27, 2019 17:42'),
(83, 9789, 'Oreoluwa', 'machine', '<img src=''img/89849a7592646f96d764e32f2bcd984672f11c8e395.png'' width=''100px'' height=''110px''><br> Ibadan Poly Logo', 24, 'Wednesday Nov 27, 2019 17:42'),
(84, 4791, 'Oreoluwa', 'user', 't', 1, 'Monday Dec 02, 2019 14:34'),
(85, 9113, 'Oreoluwa', 'machine', '<img src=''img/93d37b904d3cd2156dd389dc936b3dffa99963254374.jpeg'' width=''60px'' height=''50px''><br> Prof. Kazeem Adekunle Adebiyi', 1, 'Monday Dec 02, 2019 14:34'),
(86, 1217, 'Oreoluwa', 'user', 'rec', 0, 'Monday Dec 02, 2019 14:34'),
(87, 8287, 'Oreoluwa', 'machine', 'PolyHi cannot provide a reply at the moment... Please try again later', 0, 'Monday Dec 02, 2019 14:34'),
(88, 6361, 'Oreoluwa', 'user', 'rector', 1, 'Monday Dec 02, 2019 14:43'),
(89, 6680, 'Oreoluwa', 'machine', '<img src=''img/93d37b904d3cd2156dd389dc936b3dffa99963254374.jpeg'' width=''60px'' height=''50px''><br> Prof. Kazeem Adekunle Adebiyi', 1, 'Monday Dec 02, 2019 14:43'),
(90, 5464, 'Oreoluwa', 'user', 'who is the rector', 2, 'Monday Dec 02, 2019 14:43'),
(91, 7889, 'Oreoluwa', 'machine', '<img src=''img/93d37b904d3cd2156dd389dc936b3dffa99963254374.jpeg'' width=''60px'' height=''50px''><br> Prof. Kazeem Adekunle Adebiyi', 2, 'Monday Dec 02, 2019 14:43'),
(92, 6560, 'Oreoluwa3999', 'user', 'rector', 1, 'Monday Dec 02, 2019 14:52'),
(93, 7089, 'Oreoluwa3999', 'machine', '<img src=''img/93d37b904d3cd2156dd389dc936b3dffa99963254374.jpeg'' width=''60px'' height=''50px''><br> Prof. Kazeem Adekunle Adebiyi', 1, 'Monday Dec 02, 2019 14:52'),
(94, 6376, 'Oreoluwa3999', 'user', 'who iis the rector', 0, 'Monday Dec 02, 2019 14:52'),
(95, 6190, 'Oreoluwa3999', 'machine', 'PolyHi cannot provide a reply at the moment... Please try again later', 0, 'Monday Dec 02, 2019 14:52'),
(96, 6863, 'Oreoluwa3999', 'user', 'rec', 0, 'Monday Dec 02, 2019 14:56'),
(97, 166, 'Oreoluwa3999', 'machine', 'PolyHi cannot provide a reply at the moment... Please try again later', 0, 'Monday Dec 02, 2019 14:56'),
(98, 4273, 'Oreoluwa3999', 'user', 'who iis the rector', 0, 'Monday Dec 02, 2019 14:57'),
(99, 7728, 'Oreoluwa3999', 'machine', 'PolyHi cannot provide a reply at the moment... Please try again later', 0, 'Monday Dec 02, 2019 14:57'),
(100, 8182, 'Oreoluwa3999', 'user', 'poli logo', 0, 'Monday Dec 02, 2019 14:57'),
(101, 2600, 'Oreoluwa3999', 'machine', 'PolyHi cannot provide a reply at the moment... Please try again later', 0, 'Monday Dec 02, 2019 14:57'),
(102, 3163, 'Oreoluwa3999', 'user', 'poly', 0, 'Monday Dec 02, 2019 14:57'),
(103, 4188, 'Oreoluwa3999', 'machine', 'PolyHi cannot provide a reply at the moment... Please try again later', 0, 'Monday Dec 02, 2019 14:57'),
(104, 1920, 'Oreoluwa3999', 'user', 'logo', 24, 'Monday Dec 02, 2019 14:58'),
(105, 2523, 'Oreoluwa3999', 'machine', '<img src=''img/89849a7592646f96d764e32f2bcd984672f11c8e395.png'' width=''100px'' height=''110px''><br> Ibadan Poly Logo', 24, 'Monday Dec 02, 2019 14:58'),
(106, 6062, 'Oreoluwa3999', 'user', 'poly', 0, 'Monday Dec 02, 2019 14:58'),
(107, 1067, 'Oreoluwa3999', 'machine', 'PolyHi cannot provide a reply at the moment... Please try again later', 0, 'Monday Dec 02, 2019 14:58'),
(108, 847, 'oreoluwa4089', 'user', 'rector', 1, 'Wednesday Dec 04, 2019 12:01'),
(109, 978, 'oreoluwa4089', 'machine', '<img src=''img/93d37b904d3cd2156dd389dc936b3dffa99963254374.jpeg'' width=''60px'' height=''50px''><br> Prof. Kazeem Adekunle Adebiyi', 1, 'Wednesday Dec 04, 2019 12:01'),
(110, 6438, 'oreoluwa4089', 'user', 'who is rector', 1, 'Wednesday Dec 04, 2019 12:03'),
(111, 9400, 'oreoluwa4089', 'machine', '<img src=''img/93d37b904d3cd2156dd389dc936b3dffa99963254374.jpeg'' width=''60px'' height=''50px''><br> Prof. Kazeem Adekunle Adebiyi', 1, 'Wednesday Dec 04, 2019 12:03'),
(112, 3122, 'oreoluwa4089', 'user', 'poly logo', 25, 'Wednesday Dec 04, 2019 12:03'),
(113, 1512, 'oreoluwa4089', 'machine', '<img src=''img/89849a7592646f96d764e32f2bcd984672f11c8e395.png'' width=''100px'' height=''110px''><br> Ibadan Poly Logo', 25, 'Wednesday Dec 04, 2019 12:03'),
(114, 3375, 'oreoluwa4089', 'user', 'what is the logo of poly', 0, 'Wednesday Dec 04, 2019 12:04'),
(115, 5376, 'oreoluwa4089', 'machine', 'PolyHi cannot provide a reply at the moment... Please try again later', 0, 'Wednesday Dec 04, 2019 12:04'),
(116, 755, 'c81e728d9d4c2f636f06', 'user', 'what is the logo of poly', 0, 'Wednesday Dec 04, 2019 12:05'),
(117, 7138, 'c81e728d9d4c2f636f06', 'machine', 'PolyHi cannot provide a reply at the moment... Please try again later', 0, 'Wednesday Dec 04, 2019 12:05'),
(118, 6131, 'olad@gmail.com4254', 'user', 'what is the logo of poly', 0, 'Wednesday Dec 04, 2019 12:06'),
(119, 471, 'olad@gmail.com4254', 'machine', 'PolyHi cannot provide a reply at the moment... Please try again later', 0, 'Wednesday Dec 04, 2019 12:06'),
(120, 5386, 'olad@gmail.com4254', 'user', 'what is the logo of poly', 0, 'Wednesday Dec 04, 2019 12:07'),
(121, 1608, 'olad@gmail.com4254', 'machine', 'PolyHi cannot provide a reply at the moment... Please try again later', 0, 'Wednesday Dec 04, 2019 12:07'),
(122, 6823, 'olad@gmail.com4254', 'user', 'logo   poly', 0, 'Wednesday Dec 04, 2019 12:08'),
(123, 9440, 'olad@gmail.com4254', 'machine', 'PolyHi cannot provide a reply at the moment... Please try again later', 0, 'Wednesday Dec 04, 2019 12:08'),
(124, 3586, 'olad@gmail.com4254', 'user', 'logo   poly', 0, 'Wednesday Dec 04, 2019 12:08'),
(125, 4612, 'olad@gmail.com4254', 'machine', 'PolyHi cannot provide a reply at the moment... Please try again later', 0, 'Wednesday Dec 04, 2019 12:08'),
(126, 9581, 'olad@gmail.com4254', 'user', 'poly logo', 25, 'Wednesday Dec 04, 2019 12:11'),
(127, 8437, 'olad@gmail.com4254', 'machine', '<img src=''img/89849a7592646f96d764e32f2bcd984672f11c8e395.png'' width=''100px'' height=''110px''><br> Ibadan Poly Logo', 25, 'Wednesday Dec 04, 2019 12:11'),
(128, 7826, 'olad@gmail.com4254', 'user', 'logo     poly', 0, 'Wednesday Dec 04, 2019 12:11'),
(129, 9630, 'olad@gmail.com4254', 'machine', 'PolyHi cannot provide a reply at the moment... Please try again later', 0, 'Wednesday Dec 04, 2019 12:11'),
(130, 5045, 'olad@gmail.com4254', 'user', 'logo   poly', 0, 'Wednesday Dec 04, 2019 12:13'),
(131, 9757, 'olad@gmail.com4254', 'machine', 'PolyHi cannot provide a reply at the moment... Please try again later', 0, 'Wednesday Dec 04, 2019 12:13'),
(132, 2124, 'olad@gmail.com4254', 'user', 'logo   poly', 0, 'Wednesday Dec 04, 2019 12:15'),
(133, 5565, 'olad@gmail.com4254', 'machine', 'PolyHi cannot provide a reply at the moment... Please try again later', 0, 'Wednesday Dec 04, 2019 12:15'),
(134, 4917, 'olad@gmail.com4254', 'user', 'logo   poly', 0, 'Wednesday Dec 04, 2019 12:20'),
(135, 1045, 'olad@gmail.com4254', 'machine', 'PolyHi cannot provide a reply at the moment... Please try again later', 0, 'Wednesday Dec 04, 2019 12:20'),
(136, 1731, 'olad@gmail.com4254', 'user', 'logo   poly', 0, 'Wednesday Dec 04, 2019 12:21'),
(137, 600, 'olad@gmail.com4254', 'machine', 'PolyHi cannot provide a reply at the moment... Please try again later', 0, 'Wednesday Dec 04, 2019 12:21'),
(138, 6820, 'olad@gmail.com4254', 'user', 'logo   poly', 0, 'Wednesday Dec 04, 2019 12:21'),
(139, 2318, 'olad@gmail.com4254', 'machine', 'PolyHi cannot provide a reply at the moment... Please try again later', 0, 'Wednesday Dec 04, 2019 12:21'),
(140, 6406, 'olad@gmail.com4254', 'user', 'logo   poly', 0, 'Wednesday Dec 04, 2019 12:22'),
(141, 39, 'olad@gmail.com4254', 'machine', 'PolyHi cannot provide a reply at the moment... Please try again later', 0, 'Wednesday Dec 04, 2019 12:22'),
(142, 8429, 'olad@gmail.com4254', 'user', 'logo   poly', 0, 'Wednesday Dec 04, 2019 12:22'),
(143, 8660, 'olad@gmail.com4254', 'machine', 'PolyHi cannot provide a reply at the moment... Please try again later', 0, 'Wednesday Dec 04, 2019 12:22'),
(144, 1985, 'olad@gmail.com4254', 'user', 'logo   poly', 0, 'Wednesday Dec 04, 2019 12:23'),
(145, 8025, 'olad@gmail.com4254', 'machine', 'PolyHi cannot provide a reply at the moment... Please try again later', 0, 'Wednesday Dec 04, 2019 12:23'),
(146, 7607, 'olad@gmail.com4254', 'user', 'logo   poly', 0, 'Wednesday Dec 04, 2019 12:23'),
(147, 2248, 'olad@gmail.com4254', 'machine', 'PolyHi cannot provide a reply at the moment... Please try again later', 0, 'Wednesday Dec 04, 2019 12:23'),
(148, 4413, 'olad@gmail.com4254', 'user', 'logo   poly', 0, 'Wednesday Dec 04, 2019 12:24'),
(149, 2048, 'olad@gmail.com4254', 'machine', 'PolyHi cannot provide a reply at the moment... Please try again later', 0, 'Wednesday Dec 04, 2019 12:24'),
(150, 1107, 'olad@gmail.com4254', 'user', 'logo   poly', 0, 'Wednesday Dec 04, 2019 12:24'),
(151, 2646, 'olad@gmail.com4254', 'machine', 'PolyHi cannot provide a reply at the moment... Please try again later', 0, 'Wednesday Dec 04, 2019 12:24'),
(152, 7385, 'olad@gmail.com4254', 'user', 'logo   poly', 0, 'Wednesday Dec 04, 2019 12:25'),
(153, 2574, 'olad@gmail.com4254', 'machine', 'PolyHi cannot provide a reply at the moment... Please try again later', 0, 'Wednesday Dec 04, 2019 12:25'),
(154, 7599, 'olad@gmail.com4254', 'user', 'logo   poly', 0, 'Wednesday Dec 04, 2019 12:26'),
(155, 4103, 'olad@gmail.com4254', 'machine', 'PolyHi cannot provide a reply at the moment... Please try again later', 0, 'Wednesday Dec 04, 2019 12:26'),
(156, 3954, 'olad@gmail.com4254', 'user', 'what is the logo of poly', 0, 'Wednesday Dec 04, 2019 12:27'),
(157, 4801, 'olad@gmail.com4254', 'machine', 'PolyHi cannot provide a reply at the moment... Please try again later', 0, 'Wednesday Dec 04, 2019 12:27'),
(158, 7585, 'olad@gmail.com4254', 'user', 'what is the logo of poly', 0, 'Wednesday Dec 04, 2019 12:27'),
(159, 9764, 'olad@gmail.com4254', 'machine', 'PolyHi cannot provide a reply at the moment... Please try again later', 0, 'Wednesday Dec 04, 2019 12:27'),
(160, 5850, 'olad@gmail.com4254', 'user', 'what is the logo of poly', 0, 'Wednesday Dec 04, 2019 12:28'),
(161, 1489, 'olad@gmail.com4254', 'machine', 'PolyHi cannot provide a reply at the moment... Please try again later', 0, 'Wednesday Dec 04, 2019 12:28'),
(162, 6979, 'olad@gmail.com4254', 'user', 'what is the logo of poly', 0, 'Wednesday Dec 04, 2019 12:28'),
(163, 6831, 'olad@gmail.com4254', 'machine', 'PolyHi cannot provide a reply at the moment... Please try again later', 0, 'Wednesday Dec 04, 2019 12:28'),
(164, 7156, 'olad@gmail.com4254', 'user', 'what is the logo of poly', 0, 'Wednesday Dec 04, 2019 12:29'),
(165, 4755, 'olad@gmail.com4254', 'machine', 'PolyHi cannot provide a reply at the moment... Please try again later', 0, 'Wednesday Dec 04, 2019 12:29'),
(166, 9278, 'olad@gmail.com4254', 'user', 'what is the logo of poly', 0, 'Wednesday Dec 04, 2019 12:30'),
(167, 8581, 'olad@gmail.com4254', 'machine', 'PolyHi cannot provide a reply at the moment... Please try again later', 0, 'Wednesday Dec 04, 2019 12:30'),
(168, 3925, 'olad@gmail.com4254', 'user', 'what is the logo of poly', 0, 'Wednesday Dec 04, 2019 12:30'),
(169, 6122, 'olad@gmail.com4254', 'machine', 'PolyHi cannot provide a reply at the moment... Please try again later', 0, 'Wednesday Dec 04, 2019 12:30'),
(170, 4131, 'olad@gmail.com4254', 'user', 'what is the logo of poly', 0, 'Wednesday Dec 04, 2019 12:30'),
(171, 9505, 'olad@gmail.com4254', 'machine', 'PolyHi cannot provide a reply at the moment... Please try again later', 0, 'Wednesday Dec 04, 2019 12:30'),
(172, 1900, 'olad@gmail.com4254', 'user', 'what is the logo of poly', 0, 'Wednesday Dec 04, 2019 12:31'),
(173, 5550, 'olad@gmail.com4254', 'machine', 'PolyHi cannot provide a reply at the moment... Please try again later', 0, 'Wednesday Dec 04, 2019 12:31'),
(174, 4624, 'olad@gmail.com4254', 'user', 'what is the logo of poly', 29, 'Wednesday Dec 04, 2019 12:31'),
(175, 1285, 'olad@gmail.com4254', 'machine', '<img src=''img/89849a7592646f96d764e32f2bcd984672f11c8e395.png'' width=''100px'' height=''110px''><br> Ibadan Poly Logo', 29, 'Wednesday Dec 04, 2019 12:31'),
(176, 4779, 'olad@gmail.com4254', 'user', 'what is the logo of poly', 29, 'Wednesday Dec 04, 2019 12:32'),
(177, 285, 'olad@gmail.com4254', 'machine', '<img src=''img/89849a7592646f96d764e32f2bcd984672f11c8e395.png'' width=''100px'' height=''110px''><br> Ibadan Poly Logo', 29, 'Wednesday Dec 04, 2019 12:32'),
(178, 7059, 'olad@gmail.com4254', 'user', 'what is logo poly', 0, 'Wednesday Dec 04, 2019 12:33'),
(179, 5063, 'olad@gmail.com4254', 'machine', 'PolyHi cannot provide a reply at the moment... Please try again later', 0, 'Wednesday Dec 04, 2019 12:33'),
(180, 4012, 'olad@gmail.com4254', 'user', 'what is the logo of poly', 29, 'Wednesday Dec 04, 2019 12:34'),
(181, 8938, 'olad@gmail.com4254', 'machine', '<img src=''img/89849a7592646f96d764e32f2bcd984672f11c8e395.png'' width=''100px'' height=''110px''><br> Ibadan Poly Logo', 29, 'Wednesday Dec 04, 2019 12:34'),
(182, 9861, 'olad@gmail.com4254', 'user', 'what is the logo of poly', 29, 'Wednesday Dec 04, 2019 12:34'),
(183, 3858, 'olad@gmail.com4254', 'machine', '<img src=''img/89849a7592646f96d764e32f2bcd984672f11c8e395.png'' width=''100px'' height=''110px''><br> Ibadan Poly Logo', 29, 'Wednesday Dec 04, 2019 12:34'),
(184, 7876, 'olad@gmail.com4254', 'user', 'what is the logo of poly', 29, 'Wednesday Dec 04, 2019 12:34'),
(185, 5622, 'olad@gmail.com4254', 'machine', '<img src=''img/89849a7592646f96d764e32f2bcd984672f11c8e395.png'' width=''100px'' height=''110px''><br> Ibadan Poly Logo', 29, 'Wednesday Dec 04, 2019 12:34'),
(186, 5021, 'olad@gmail.com4254', 'user', 'what is the logo of poly', 29, 'Wednesday Dec 04, 2019 12:35'),
(187, 2102, 'olad@gmail.com4254', 'machine', '<img src=''img/89849a7592646f96d764e32f2bcd984672f11c8e395.png'' width=''100px'' height=''110px''><br> Ibadan Poly Logo', 29, 'Wednesday Dec 04, 2019 12:35'),
(188, 3298, 'olad@gmail.com4254', 'user', 'what is logo poly', 0, 'Wednesday Dec 04, 2019 12:36'),
(189, 5875, 'olad@gmail.com4254', 'machine', 'PolyHi cannot provide a reply at the moment... Please try again later', 0, 'Wednesday Dec 04, 2019 12:36'),
(190, 9769, 'olad@gmail.com4254', 'user', 'what is logo poly', 0, 'Wednesday Dec 04, 2019 12:37'),
(191, 8409, 'olad@gmail.com4254', 'machine', 'PolyHi cannot provide a reply at the moment... Please try again later', 0, 'Wednesday Dec 04, 2019 12:37'),
(192, 3970, 'olad@gmail.com4254', 'user', 'what is the logo of poly', 0, 'Wednesday Dec 04, 2019 12:38'),
(193, 7871, 'olad@gmail.com4254', 'machine', 'PolyHi cannot provide a reply at the moment... Please try again later', 0, 'Wednesday Dec 04, 2019 12:38'),
(194, 1873, 'olad@gmail.com4254', 'user', 'logo poly', 0, 'Wednesday Dec 04, 2019 12:51'),
(195, 2042, 'olad@gmail.com4254', 'machine', 'PolyHi cannot provide a reply at the moment... Please try again later', 0, 'Wednesday Dec 04, 2019 12:51'),
(196, 6252, 'olad@gmail.com4254', 'user', 'logo poly', 0, 'Wednesday Dec 04, 2019 12:51'),
(197, 1380, 'olad@gmail.com4254', 'machine', 'PolyHi cannot provide a reply at the moment... Please try again later', 0, 'Wednesday Dec 04, 2019 12:51'),
(198, 7268, 'olad@gmail.com4254', 'user', 'logo of poly', 0, 'Wednesday Dec 04, 2019 12:52'),
(199, 2348, 'olad@gmail.com4254', 'machine', 'PolyHi cannot provide a reply at the moment... Please try again later', 0, 'Wednesday Dec 04, 2019 12:52'),
(200, 3217, 'olad@gmail.com4254', 'user', 'logo of poly', 0, 'Wednesday Dec 04, 2019 12:53'),
(201, 863, 'olad@gmail.com4254', 'machine', 'PolyHi cannot provide a reply at the moment... Please try again later', 0, 'Wednesday Dec 04, 2019 12:53'),
(202, 4513, 'olad@gmail.com4254', 'user', 'logo of poly', 0, 'Wednesday Dec 04, 2019 12:53'),
(203, 4033, 'olad@gmail.com4254', 'machine', 'PolyHi cannot provide a reply at the moment... Please try again later', 0, 'Wednesday Dec 04, 2019 12:53'),
(204, 5060, 'olad@gmail.com4254', 'user', 'logo of poly', 29, 'Wednesday Dec 04, 2019 12:53'),
(205, 877, 'olad@gmail.com4254', 'machine', '<img src=''img/89849a7592646f96d764e32f2bcd984672f11c8e395.png'' width=''100px'' height=''110px''><br> Ibadan Poly Logo', 29, 'Wednesday Dec 04, 2019 12:53'),
(206, 3226, 'olad@gmail.com4254', 'user', 'what is logo poly', 0, 'Wednesday Dec 04, 2019 12:54'),
(207, 5789, 'olad@gmail.com4254', 'machine', 'PolyHi cannot provide a reply at the moment... Please try again later', 0, 'Wednesday Dec 04, 2019 12:54'),
(208, 2832, 'olad@gmail.com4254', 'user', 'what is logo poly', 0, 'Wednesday Dec 04, 2019 12:55'),
(209, 2434, 'olad@gmail.com4254', 'machine', 'PolyHi cannot provide a reply at the moment... Please try again later', 0, 'Wednesday Dec 04, 2019 12:55'),
(210, 1183, 'olad@gmail.com4254', 'user', 'what is logo poly', 0, 'Wednesday Dec 04, 2019 12:56'),
(211, 8585, 'olad@gmail.com4254', 'machine', 'PolyHi cannot provide a reply at the moment... Please try again later', 0, 'Wednesday Dec 04, 2019 12:56'),
(212, 7867, 'olad@gmail.com4254', 'user', 'what is logo poly', 0, 'Wednesday Dec 04, 2019 12:56'),
(213, 2306, 'olad@gmail.com4254', 'machine', 'PolyHi cannot provide a reply at the moment... Please try again later', 0, 'Wednesday Dec 04, 2019 12:56'),
(214, 5272, 'olad@gmail.com4254', 'user', 'what is logo poly', 0, 'Wednesday Dec 04, 2019 12:59'),
(215, 455, 'olad@gmail.com4254', 'machine', 'PolyHi cannot provide a reply at the moment... Please try again later', 0, 'Wednesday Dec 04, 2019 12:59'),
(216, 3462, 'olad@gmail.com4254', 'user', 'what is logo poly', 29, 'Wednesday Dec 04, 2019 12:59'),
(217, 8192, 'olad@gmail.com4254', 'machine', '<img src=''img/89849a7592646f96d764e32f2bcd984672f11c8e395.png'' width=''100px'' height=''110px''><br> Ibadan Poly Logo', 29, 'Wednesday Dec 04, 2019 12:59'),
(218, 9278, 'olad@gmail.com4254', 'user', 'what is logo poly', 29, 'Wednesday Dec 04, 2019 13:00'),
(219, 191, 'olad@gmail.com4254', 'machine', '<img src=''img/89849a7592646f96d764e32f2bcd984672f11c8e395.png'' width=''100px'' height=''110px''><br> Ibadan Poly Logo', 29, 'Wednesday Dec 04, 2019 13:00'),
(220, 1884, 'olad@gmail.com4254', 'user', 'what is logo poly', 29, 'Wednesday Dec 04, 2019 13:00'),
(221, 870, 'olad@gmail.com4254', 'machine', '<img src=''img/89849a7592646f96d764e32f2bcd984672f11c8e395.png'' width=''100px'' height=''110px''><br> Ibadan Poly Logo', 29, 'Wednesday Dec 04, 2019 13:00'),
(222, 4657, 'olad@gmail.com4254', 'user', 'what is the logo of poly', 0, 'Wednesday Dec 04, 2019 13:00'),
(223, 4206, 'olad@gmail.com4254', 'machine', 'PolyHi cannot provide a reply at the moment... Please try again later', 0, 'Wednesday Dec 04, 2019 13:00'),
(224, 1741, 'olad@gmail.com4254', 'user', 'what is the logo of poly', 0, 'Wednesday Dec 04, 2019 13:01'),
(225, 4257, 'olad@gmail.com4254', 'machine', 'PolyHi cannot provide a reply at the moment... Please try again later', 0, 'Wednesday Dec 04, 2019 13:01'),
(226, 2068, 'olad@gmail.com4254', 'user', 'what is the logo of poly', 0, 'Wednesday Dec 04, 2019 13:01'),
(227, 3378, 'olad@gmail.com4254', 'machine', 'PolyHi cannot provide a reply at the moment... Please try again later', 0, 'Wednesday Dec 04, 2019 13:01'),
(228, 4696, 'olad@gmail.com4254', 'user', 'what is the logo of poly', 0, 'Wednesday Dec 04, 2019 13:02'),
(229, 6542, 'olad@gmail.com4254', 'machine', 'PolyHi cannot provide a reply at the moment... Please try again later', 0, 'Wednesday Dec 04, 2019 13:02'),
(230, 7906, 'olad@gmail.com4254', 'user', 'what is the logo of poly', 0, 'Wednesday Dec 04, 2019 13:02'),
(231, 4642, 'olad@gmail.com4254', 'machine', 'PolyHi cannot provide a reply at the moment... Please try again later', 0, 'Wednesday Dec 04, 2019 13:02'),
(232, 9627, 'olad@gmail.com4254', 'user', 'what is the logo of poly', 0, 'Wednesday Dec 04, 2019 13:02'),
(233, 8577, 'olad@gmail.com4254', 'machine', 'PolyHi cannot provide a reply at the moment... Please try again later', 0, 'Wednesday Dec 04, 2019 13:02'),
(234, 2475, 'olad@gmail.com4254', 'user', 'what is the logo of poly', 0, 'Wednesday Dec 04, 2019 13:02'),
(235, 2683, 'olad@gmail.com4254', 'machine', 'PolyHi cannot provide a reply at the moment... Please try again later', 0, 'Wednesday Dec 04, 2019 13:02'),
(236, 9036, 'olad@gmail.com4254', 'user', 'what is the logo of poly', 29, 'Wednesday Dec 04, 2019 13:05'),
(237, 6764, 'olad@gmail.com4254', 'machine', '<img src=''img/89849a7592646f96d764e32f2bcd984672f11c8e395.png'' width=''100px'' height=''110px''><br> Ibadan Poly Logo', 29, 'Wednesday Dec 04, 2019 13:05'),
(238, 5876, 'olad@gmail.com4254', 'user', 'what is the logo of poly', 29, 'Wednesday Dec 04, 2019 13:06'),
(239, 4656, 'olad@gmail.com4254', 'machine', '<img src=''img/89849a7592646f96d764e32f2bcd984672f11c8e395.png'' width=''100px'' height=''110px''><br> Ibadan Poly Logo', 29, 'Wednesday Dec 04, 2019 13:06'),
(240, 2536, 'olad@gmail.com4254', 'user', 'what is the logo of poly', 29, 'Wednesday Dec 04, 2019 13:07'),
(241, 5552, 'olad@gmail.com4254', 'machine', '<img src=''img/89849a7592646f96d764e32f2bcd984672f11c8e395.png'' width=''100px'' height=''110px''><br> Ibadan Poly Logo', 29, 'Wednesday Dec 04, 2019 13:07'),
(242, 1257, 'olad@gmail.com4254', 'user', 'poly logo', 25, 'Wednesday Dec 04, 2019 13:07'),
(243, 2233, 'olad@gmail.com4254', 'machine', '<img src=''img/89849a7592646f96d764e32f2bcd984672f11c8e395.png'' width=''100px'' height=''110px''><br> Ibadan Poly Logo', 25, 'Wednesday Dec 04, 2019 13:07'),
(244, 7725, 'olad@gmail.com4254', 'user', 'logo poly', 29, 'Wednesday Dec 04, 2019 13:07'),
(245, 9255, 'olad@gmail.com4254', 'machine', '<img src=''img/89849a7592646f96d764e32f2bcd984672f11c8e395.png'' width=''100px'' height=''110px''><br> Ibadan Poly Logo', 29, 'Wednesday Dec 04, 2019 13:07'),
(246, 462, 'olad@gmail.com4254', 'user', 'registrar', 0, 'Wednesday Dec 04, 2019 13:07'),
(247, 938, 'olad@gmail.com4254', 'machine', 'PolyHi cannot provide a reply at the moment... Please try again later', 0, 'Wednesday Dec 04, 2019 13:07'),
(248, 6094, 'olad@gmail.com4254', 'user', 'poly logo', 25, 'Wednesday Dec 04, 2019 13:07'),
(249, 5257, 'olad@gmail.com4254', 'machine', '<img src=''img/89849a7592646f96d764e32f2bcd984672f11c8e395.png'' width=''100px'' height=''110px''><br> Ibadan Poly Logo', 25, 'Wednesday Dec 04, 2019 13:07'),
(250, 1773, 'olad@gmail.com4254', 'user', 'rector', 1, 'Wednesday Dec 04, 2019 13:08'),
(251, 8447, 'olad@gmail.com4254', 'machine', '<img src=''img/93d37b904d3cd2156dd389dc936b3dffa99963254374.jpeg'' width=''60px'' height=''50px''><br> Prof. Kazeem Adekunle Adebiyi', 1, 'Wednesday Dec 04, 2019 13:08'),
(252, 5727, 'olad@gmail.com4254', 'user', 'who is the rector of ibadan poly', 0, 'Wednesday Dec 04, 2019 13:08'),
(253, 240, 'olad@gmail.com4254', 'machine', 'PolyHi cannot provide a reply at the moment... Please try again later', 0, 'Wednesday Dec 04, 2019 13:08'),
(254, 4935, 'olad@gmail.com4254', 'user', 'who is the rector of ibadan poly', 0, 'Wednesday Dec 04, 2019 13:10'),
(255, 7677, 'olad@gmail.com4254', 'machine', 'PolyHi cannot provide a reply at the moment... Please try again later', 0, 'Wednesday Dec 04, 2019 13:10'),
(256, 1555, 'olad@gmail.com4254', 'user', 'who is the rector of ibadan poly', 0, 'Wednesday Dec 04, 2019 13:11'),
(257, 7846, 'olad@gmail.com4254', 'machine', 'PolyHi cannot provide a reply at the moment... Please try again later', 0, 'Wednesday Dec 04, 2019 13:11'),
(258, 8363, 'olad@gmail.com4254', 'user', 'who is the rector of ibadan poly', 35, 'Wednesday Dec 04, 2019 13:12'),
(259, 3158, 'olad@gmail.com4254', 'machine', '<img src=''img/93d37b904d3cd2156dd389dc936b3dffa99963254374.jpeg'' width=''60px'' height=''50px''><br> Prof. Kazeem Adekunle Adebiyi', 35, 'Wednesday Dec 04, 2019 13:12'),
(260, 440, 'olad@gmail.com4254', 'user', 'who is the rector of ibadan poly', 35, 'Wednesday Dec 04, 2019 13:13'),
(261, 6844, 'olad@gmail.com4254', 'machine', '<img src=''img/93d37b904d3cd2156dd389dc936b3dffa99963254374.jpeg'' width=''60px'' height=''50px''><br> Prof. Kazeem Adekunle Adebiyi', 35, 'Wednesday Dec 04, 2019 13:13'),
(262, 1402, 'olad@gmail.com4254', 'user', 'who is the rector of ibadan poly', 35, 'Wednesday Dec 04, 2019 13:14'),
(263, 5967, 'olad@gmail.com4254', 'machine', '<img src=''img/93d37b904d3cd2156dd389dc936b3dffa99963254374.jpeg'' width=''60px'' height=''50px''><br> Prof. Kazeem Adekunle Adebiyi', 35, 'Wednesday Dec 04, 2019 13:14'),
(264, 2590, 'olad@gmail.com4254', 'user', 'poly rector', 0, 'Wednesday Dec 04, 2019 13:15'),
(265, 7397, 'olad@gmail.com4254', 'machine', 'PolyHi cannot provide a reply at the moment... Please try again later', 0, 'Wednesday Dec 04, 2019 13:15'),
(266, 7055, 'olad@gmail.com4254', 'user', 'poly ibadan rector', 4, 'Wednesday Dec 04, 2019 13:15'),
(267, 5990, 'olad@gmail.com4254', 'machine', '<img src=''img/93d37b904d3cd2156dd389dc936b3dffa99963254374.jpeg'' width=''60px'' height=''50px''><br> Prof. Kazeem Adekunle Adebiyi', 4, 'Wednesday Dec 04, 2019 13:15'),
(268, 3038, 'olad@gmail.com4254', 'user', 'poly rector', 1, 'Wednesday Dec 04, 2019 13:26'),
(269, 4207, 'olad@gmail.com4254', 'machine', '<img src=''img/93d37b904d3cd2156dd389dc936b3dffa99963254374.jpeg'' width=''60px'' height=''50px''><br> Prof. Kazeem Adekunle Adebiyi', 1, 'Wednesday Dec 04, 2019 13:26'),
(270, 5970, 'olad@gmail.com4254', 'user', 'poly', 32, 'Wednesday Dec 04, 2019 13:26'),
(271, 447, 'olad@gmail.com4254', 'machine', '<img src=''img/89849a7592646f96d764e32f2bcd984672f11c8e395.png'' width=''100px'' height=''110px''><br> Ibadan Poly Logo', 32, 'Wednesday Dec 04, 2019 13:26'),
(272, 3216, 'olad@gmail.com4254', 'user', 'ibadan poly rector', 1, 'Wednesday Dec 04, 2019 13:27'),
(273, 7302, 'olad@gmail.com4254', 'machine', '<img src=''img/93d37b904d3cd2156dd389dc936b3dffa99963254374.jpeg'' width=''60px'' height=''50px''><br> Prof. Kazeem Adekunle Adebiyi', 1, 'Wednesday Dec 04, 2019 13:27'),
(274, 5967, 'olad@gmail.com4254', 'user', 'poly logos', 0, 'Wednesday Dec 04, 2019 13:28'),
(275, 6545, 'olad@gmail.com4254', 'machine', 'PolyHi cannot provide a reply at the moment... Please try again later', 0, 'Wednesday Dec 04, 2019 13:28'),
(276, 5334, 'olad@gmail.com4254', 'user', 'poly logos', 0, 'Wednesday Dec 04, 2019 13:28'),
(277, 5275, 'olad@gmail.com4254', 'machine', 'PolyHi cannot provide a reply at the moment... Please try again later', 0, 'Wednesday Dec 04, 2019 13:28'),
(278, 5648, 'olad@gmail.com4254', 'user', 'poly logos', 38, 'Wednesday Dec 04, 2019 13:29'),
(279, 5569, 'olad@gmail.com4254', 'machine', '<img src=''img/89849a7592646f96d764e32f2bcd984672f11c8e395.png'' width=''100px'' height=''110px''><br> Ibadan Poly Logo', 38, 'Wednesday Dec 04, 2019 13:29'),
(280, 3319, 'olad@gmail.com4254', 'user', 'logos', 38, 'Wednesday Dec 04, 2019 13:30'),
(281, 4799, 'olad@gmail.com4254', 'machine', '<img src=''img/89849a7592646f96d764e32f2bcd984672f11c8e395.png'' width=''100px'' height=''110px''><br> Ibadan Poly Logo', 38, 'Wednesday Dec 04, 2019 13:30'),
(282, 6063, 'olad@gmail.com4254', 'user', 'logos of poly ibadan', 38, 'Wednesday Dec 04, 2019 13:31'),
(283, 7847, 'olad@gmail.com4254', 'machine', '<img src=''img/89849a7592646f96d764e32f2bcd984672f11c8e395.png'' width=''100px'' height=''110px''><br> Ibadan Poly Logo', 38, 'Wednesday Dec 04, 2019 13:31'),
(284, 5855, 'gauis3699', 'user', 'who is the rector', 1, 'Friday Dec 06, 2019 20:40'),
(285, 4123, 'gauis3699', 'machine', '<img src=''img/93d37b904d3cd2156dd389dc936b3dffa99963254374.jpeg'' width=''60px'' height=''50px''><br> Prof. Kazeem Adekunle Adebiyi', 1, 'Friday Dec 06, 2019 20:40'),
(286, 2232, 'gauis3699', 'user', 'what is ploy logo', 0, 'Friday Dec 06, 2019 20:41'),
(287, 8915, 'gauis3699', 'machine', 'PolyHi cannot provide a reply at the moment... Please try again later', 0, 'Friday Dec 06, 2019 20:41'),
(288, 5063, 'gauis3699', 'user', 'who is the registrar', 0, 'Friday Dec 06, 2019 20:42'),
(289, 1560, 'gauis3699', 'machine', 'PolyHi cannot provide a reply at the moment... Please try again later', 0, 'Friday Dec 06, 2019 20:42'),
(290, 7985, 'gauis3699', 'user', 'who  is the registrar', 0, 'Friday Dec 06, 2019 20:43'),
(291, 9313, 'gauis3699', 'machine', 'PolyHi cannot provide a reply at the moment... Please try again later', 0, 'Friday Dec 06, 2019 20:43'),
(292, 6309, 'Oreoluwa9346', 'user', 'registrar', 0, 'Friday Dec 06, 2019 20:45'),
(293, 1957, 'Oreoluwa9346', 'machine', 'PolyHi cannot provide a reply at the moment... Please try again later', 0, 'Friday Dec 06, 2019 20:45'),
(294, 8286, 'c81e728d9d4c2f636f06', 'user', 'registrar', 0, 'Friday Dec 06, 2019 20:46'),
(295, 3658, 'c81e728d9d4c2f636f06', 'machine', 'PolyHi cannot provide a reply at the moment... Please try again later', 0, 'Friday Dec 06, 2019 20:46'),
(296, 4301, 'c81e728d9d4c2f636f06', 'user', 'registrar', 0, 'Friday Dec 06, 2019 20:46'),
(297, 4455, 'c81e728d9d4c2f636f06', 'machine', 'PolyHi cannot provide a reply at the moment... Please try again later', 0, 'Friday Dec 06, 2019 20:46'),
(298, 6840, 'Oreoluwa9262', 'user', 'registrar', 0, 'Friday Dec 06, 2019 20:47'),
(299, 901, 'Oreoluwa9262', 'machine', 'PolyHi cannot provide a reply at the moment... Please try again later', 0, 'Friday Dec 06, 2019 20:47'),
(300, 9202, 'admin1995', 'user', 'hi', 0, 'Thursday Dec 12, 2019 21:50'),
(301, 7812, 'admin1995', 'machine', 'PolyHi cannot provide a reply at the moment... Please try again later', 0, 'Thursday Dec 12, 2019 21:50'),
(302, 8539, 'c4ca4238a0b923820dcc', 'user', 'hello', 0, 'Friday Dec 20, 2019 10:58'),
(303, 7522, 'c4ca4238a0b923820dcc', 'machine', 'PolyHi cannot provide a reply at the moment... Please try again later', 0, 'Friday Dec 20, 2019 10:58'),
(304, 6834, 'c4ca4238a0b923820dcc', 'user', 'hello', 0, 'Friday Dec 20, 2019 10:59'),
(305, 9877, 'c4ca4238a0b923820dcc', 'machine', 'PolyHi cannot provide a reply at the moment... Please try again later', 0, 'Friday Dec 20, 2019 10:59'),
(306, 2611, 'Oreoluwa5761', 'user', 'hello', 0, 'Friday Dec 20, 2019 10:59'),
(307, 9540, 'Oreoluwa5761', 'machine', 'PolyHi cannot provide a reply at the moment... Please try again later', 0, 'Friday Dec 20, 2019 10:59'),
(308, 5296, 'Oreoluwa5761', 'user', 'rector', 1, 'Friday Dec 20, 2019 10:59'),
(309, 6500, 'Oreoluwa5761', 'machine', '<img src=''img/93d37b904d3cd2156dd389dc936b3dffa99963254374.jpeg'' width=''60px'' height=''50px''><br> Prof. Kazeem Adekunle Adebiyi', 1, 'Friday Dec 20, 2019 10:59'),
(310, 7131, 'Oreoluwa5761', 'user', 're', 0, 'Friday Dec 20, 2019 11:02'),
(311, 5149, 'Oreoluwa5761', 'machine', 'PolyHi cannot provide a reply at the moment... Please try again later', 0, 'Friday Dec 20, 2019 11:02'),
(312, 6798, 'Oreoluwa5761', 'user', 'rector', 0, 'Friday Dec 20, 2019 11:02'),
(313, 9834, 'Oreoluwa5761', 'machine', 'PolyHi cannot provide a reply at the moment... Please try again later', 0, 'Friday Dec 20, 2019 11:02'),
(314, 7808, 'Oreoluwa5761', 'user', 'rector', 0, 'Friday Dec 20, 2019 11:03'),
(315, 1388, 'Oreoluwa5761', 'machine', 'PolyHi cannot provide a reply at the moment... Please try again later', 0, 'Friday Dec 20, 2019 11:03'),
(316, 7310, 'Oreoluwa5761', 'user', 'rector', 0, 'Friday Dec 20, 2019 11:06'),
(317, 1805, 'Oreoluwa5761', 'machine', 'PolyHi cannot provide a reply at the moment... Please try again later', 0, 'Friday Dec 20, 2019 11:06'),
(318, 8151, 'Oreoluwa5761', 'user', 'rector', 0, 'Friday Dec 20, 2019 11:06'),
(319, 1971, 'Oreoluwa5761', 'machine', 'PolyHi cannot provide a reply at the moment... Please try again later', 0, 'Friday Dec 20, 2019 11:06'),
(320, 6452, 'Oreoluwa5761', 'user', 'rector', 0, 'Friday Dec 20, 2019 11:07'),
(321, 8569, 'Oreoluwa5761', 'machine', 'PolyHi cannot provide a reply at the moment... Please try again later', 0, 'Friday Dec 20, 2019 11:07'),
(322, 3907, 'Oreoluwa5761', 'user', 'rector', 1, 'Friday Dec 20, 2019 11:09'),
(323, 1100, 'Oreoluwa5761', 'machine', '<img src=''img/93d37b904d3cd2156dd389dc936b3dffa99963254374.jpeg'' width=''60px'' height=''50px''><br> Prof. Kazeem Adekunle Adebiyi', 1, 'Friday Dec 20, 2019 11:09'),
(324, 5888, 'Oreoluwa5761', 'user', 'rector', 1, 'Friday Dec 20, 2019 11:09'),
(325, 264, 'Oreoluwa5761', 'machine', '<img src=''img/93d37b904d3cd2156dd389dc936b3dffa99963254374.jpeg'' width=''60px'' height=''50px''><br> Prof. Kazeem Adekunle Adebiyi', 1, 'Friday Dec 20, 2019 11:09'),
(326, 166, 'Oreoluwa5761', 'user', 'rector', 1, 'Friday Dec 20, 2019 11:10'),
(327, 4056, 'Oreoluwa5761', 'machine', '<img src=''img/93d37b904d3cd2156dd389dc936b3dffa99963254374.jpeg'' width=''60px'' height=''50px''><br> Prof. Kazeem Adekunle Adebiyi', 1, 'Friday Dec 20, 2019 11:10'),
(328, 4500, 'Oreoluwa1151', 'user', 'rector', 1, 'Friday Dec 20, 2019 11:14'),
(329, 4864, 'Oreoluwa1151', 'machine', '<img src=''img/93d37b904d3cd2156dd389dc936b3dffa99963254374.jpeg'' width=''60px'' height=''50px''><br> Prof. Kazeem Adekunle Adebiyi', 1, 'Friday Dec 20, 2019 11:14'),
(330, 7082, 'Oreoluwa1151', 'user', 'Poly', 32, 'Friday Dec 20, 2019 11:16'),
(331, 2718, 'Oreoluwa1151', 'machine', '<img src=''img/89849a7592646f96d764e32f2bcd984672f11c8e395.png'' width=''100px'' height=''110px''><br> Ibadan Poly Logo', 32, 'Friday Dec 20, 2019 11:16'),
(332, 6671, 'Oreoluwa1151', 'user', 'who', 0, 'Friday Dec 20, 2019 11:21'),
(333, 9512, 'Oreoluwa1151', 'machine', 'PolyHi cannot provide a reply at the moment... Please try again later', 0, 'Friday Dec 20, 2019 11:21'),
(334, 8315, 'Oreoluwa1151', 'user', 'who', 0, 'Friday Dec 20, 2019 11:22'),
(335, 9117, 'Oreoluwa1151', 'machine', 'PolyHi cannot provide a reply at the moment... Please try again later', 0, 'Friday Dec 20, 2019 11:22'),
(336, 9478, 'Oreoluwa1151', 'user', 'who', 19, 'Friday Dec 20, 2019 11:25'),
(337, 2550, 'Oreoluwa1151', 'machine', '<img src=''img/23eff4517ba6c55fb3d3e13757f718ad1129a2eb6364.jpeg'' width=''60px'' height=''50px''><br> Mrs. Modupe Theresa Fawale', 19, 'Friday Dec 20, 2019 11:25'),
(338, 2377, 'Oreoluwa1151', 'user', 'who', 19, 'Friday Dec 20, 2019 11:29'),
(339, 2649, 'Oreoluwa1151', 'machine', '<b>Do you Mean <i></i><br> <img src=''img/23eff4517ba6c55fb3d3e13757f718ad1129a2eb6364.jpeg'' width=''60px'' height=''50px''><br> Mrs. Modupe Theresa Fawale</b>', 19, 'Friday Dec 20, 2019 11:29'),
(340, 7651, 'Oreoluwa1151', 'user', 'who', 19, 'Friday Dec 20, 2019 11:31'),
(341, 8827, 'Oreoluwa1151', 'machine', '<b>Do you Mean <i></i></b> <br> <img src=''img/23eff4517ba6c55fb3d3e13757f718ad1129a2eb6364.jpeg'' width=''60px'' height=''50px''><br> Mrs. Modupe Theresa Fawale', 19, 'Friday Dec 20, 2019 11:31'),
(342, 4813, 'Oreoluwa1151', 'user', 'who', 19, 'Friday Dec 20, 2019 11:33'),
(343, 3207, 'Oreoluwa1151', 'machine', '<b>Do you Mean <i> </i></b> <br> <img src=''img/23eff4517ba6c55fb3d3e13757f718ad1129a2eb6364.jpeg'' width=''60px'' height=''50px''><br> Mrs. Modupe Theresa Fawale', 19, 'Friday Dec 20, 2019 11:33'),
(344, 4021, 'Oreoluwa1151', 'user', 'who', 19, 'Friday Dec 20, 2019 11:33'),
(345, 9034, 'Oreoluwa1151', 'machine', '<b>Do you Mean <i>What is the name of the ibadan polytechnic Registrar </i></b> <br> <img src=''img/23eff4517ba6c55fb3d3e13757f718ad1129a2eb6364.jpeg'' width=''60px'' height=''50px''><br> Mrs. Modupe Theresa Fawale', 19, 'Friday Dec 20, 2019 11:33'),
(346, 775, 'oladeji7080', 'user', 'hello', 0, 'Monday Dec 23, 2019 09:54'),
(347, 2501, 'oladeji7080', 'machine', 'PolyHi cannot provide a reply at the moment... Please try again later', 0, 'Monday Dec 23, 2019 09:54'),
(348, 8217, 'oladeji7080', 'user', 'rector', 1, 'Monday Dec 23, 2019 09:54'),
(349, 7473, 'oladeji7080', 'machine', '<img src=''img/93d37b904d3cd2156dd389dc936b3dffa99963254374.jpeg'' width=''60px'' height=''50px''><br> Prof. Kazeem Adekunle Adebiyi', 1, 'Monday Dec 23, 2019 09:54'),
(350, 1917, 'Oreoluwa4388', 'user', 'Hello', 0, 'Thursday Jan 09, 2020 22:45'),
(351, 231, 'Oreoluwa4388', 'machine', 'PolyHi cannot provide a reply at the moment... Please try again later', 0, 'Thursday Jan 09, 2020 22:45'),
(352, 3560, 'Oreoluwa4388', 'user', 'Rector', 1, 'Thursday Jan 09, 2020 22:47'),
(353, 1445, 'Oreoluwa4388', 'machine', '<img src=''img/93d37b904d3cd2156dd389dc936b3dffa99963254374.jpeg'' width=''60px'' height=''50px''><br> Prof. Kazeem Adekunle Adebiyi', 1, 'Thursday Jan 09, 2020 22:47'),
(354, 3366, 'Oreoluwa4388', 'user', 'Poly', 32, 'Thursday Jan 09, 2020 22:47'),
(355, 3670, 'Oreoluwa4388', 'machine', '<img src=''img/89849a7592646f96d764e32f2bcd984672f11c8e395.png'' width=''100px'' height=''110px''><br> Ibadan Poly Logo', 32, 'Thursday Jan 09, 2020 22:47'),
(356, 4201, 'Oreoluwa4388', 'user', 'Who is the rector', 0, 'Thursday Jan 09, 2020 22:48'),
(357, 7641, 'Oreoluwa4388', 'machine', 'PolyHi cannot provide a reply at the moment... Please try again later', 0, 'Thursday Jan 09, 2020 22:48'),
(358, 4010, 'Oreoluwa4388', 'user', 'Registrar', 19, 'Thursday Jan 09, 2020 22:49'),
(359, 6987, 'Oreoluwa4388', 'machine', '<b>Do you Mean <i>What is the name of the ibadan polytechnic Registrar </i></b> <br> <img src=''img/23eff4517ba6c55fb3d3e13757f718ad1129a2eb6364.jpeg'' width=''60px'' height=''50px''><br> Mrs. Modupe Theresa Fawale', 19, 'Thursday Jan 09, 2020 22:49'),
(360, 1244, 'Oreoluwa4388', 'user', 'Rec', 26, 'Thursday Jan 09, 2020 22:50'),
(361, 6625, 'Oreoluwa4388', 'machine', '<b>Do you Mean <i>who reg </i></b> <br> <img src=''img/23eff4517ba6c55fb3d3e13757f718ad1129a2eb6364.jpeg'' width=''60px'' height=''50px''><br> Mrs. Modupe Theresa Fawale', 26, 'Thursday Jan 09, 2020 22:50'),
(362, 7559, 'Oreoluwa4388', 'user', 'Rect', 35, 'Thursday Jan 09, 2020 22:50'),
(363, 4987, 'Oreoluwa4388', 'machine', '<b>Do you Mean <i>rector ibadan poly </i></b> <br> <img src=''img/93d37b904d3cd2156dd389dc936b3dffa99963254374.jpeg'' width=''60px'' height=''50px''><br> Prof. Kazeem Adekunle Adebiyi', 35, 'Thursday Jan 09, 2020 22:50'),
(364, 3662, 'Oreoluwa4388', 'user', 'Iba', 19, 'Thursday Jan 09, 2020 22:52'),
(365, 2162, 'Oreoluwa4388', 'machine', '<b>Do you Mean <i>What is the name of the ibadan polytechnic Registrar </i></b> <br> <img src=''img/23eff4517ba6c55fb3d3e13757f718ad1129a2eb6364.jpeg'' width=''60px'' height=''50px''><br> Mrs. Modupe Theresa Fawale', 19, 'Thursday Jan 09, 2020 22:52'),
(366, 7955, 'OREOLUWA 3838', 'user', 'Hello', 0, 'Thursday Jan 09, 2020 22:54'),
(367, 7073, 'OREOLUWA 3838', 'machine', 'PolyHi cannot provide a reply at the moment... Please try again later', 0, 'Thursday Jan 09, 2020 22:54'),
(368, 9754, 'OREOLUWA 3838', 'user', 'Rector', 1, 'Thursday Jan 09, 2020 22:55'),
(369, 8899, 'OREOLUWA 3838', 'machine', '<img src=''img/93d37b904d3cd2156dd389dc936b3dffa99963254374.jpeg'' width=''60px'' height=''50px''><br> Prof. Kazeem Adekunle Adebiyi', 1, 'Thursday Jan 09, 2020 22:55'),
(370, 683, 'c4ca4238a0b923820dcc', 'user', 'hello75', 0, 'Thursday Jan 16, 2020 09:18'),
(371, 7051, 'c4ca4238a0b923820dcc', 'machine', 'PolyHi cannot provide a reply at the moment... Please try again later', 0, 'Thursday Jan 16, 2020 09:18'),
(372, 9621, 'admin7183', 'user', 'Hello', 0, 'Thursday Jan 16, 2020 09:18'),
(373, 7553, 'admin7183', 'machine', 'PolyHi cannot provide a reply at the moment... Please try again later', 0, 'Thursday Jan 16, 2020 09:18'),
(374, 2199, 'admin5511', 'user', 'hello', 45, 'Thursday Jan 16, 2020 09:28'),
(375, 2773, 'admin5511', 'machine', 'Hi, How are you today?', 45, 'Thursday Jan 16, 2020 09:28'),
(376, 9849, 'admin5511', 'user', 'Am fine', 0, 'Thursday Jan 16, 2020 09:29'),
(377, 5031, 'admin5511', 'machine', 'PolyHi cannot provide a reply at the moment... Please try again later', 0, 'Thursday Jan 16, 2020 09:29'),
(378, 6616, 'admin5511', 'user', 'Hello', 45, 'Thursday Jan 16, 2020 09:30'),
(379, 9276, 'admin5511', 'machine', 'Hi, How are you today?', 45, 'Thursday Jan 16, 2020 09:30'),
(380, 5946, 'admin5511', 'user', 'Am fine', 48, 'Thursday Jan 16, 2020 09:30'),
(381, 2792, 'admin5511', 'machine', 'Good, How may I help you today', 48, 'Thursday Jan 16, 2020 09:30'),
(382, 8724, 'oreoluwa1851', 'user', 'Hello', 45, 'Thursday Jan 16, 2020 21:22'),
(383, 372, 'oreoluwa1851', 'machine', 'Hi, How are you today?', 45, 'Thursday Jan 16, 2020 21:22'),
(384, 630, 'oreoluwa1851', 'user', 'Fine', 47, 'Thursday Jan 16, 2020 21:22'),
(385, 7157, 'oreoluwa1851', 'machine', 'Good, How may I help you today', 47, 'Thursday Jan 16, 2020 21:22'),
(386, 9253, 'oreoluwa1851', 'user', 'Who is poly rector', 0, 'Thursday Jan 16, 2020 21:22'),
(387, 8975, 'oreoluwa1851', 'machine', 'PolyHi cannot provide a reply at the moment... Please try again later', 0, 'Thursday Jan 16, 2020 21:22');
INSERT INTO `conversation` (`id`, `iden`, `user`, `by`, `message`, `model_id`, `dates`) VALUES
(388, 4521, 'oreoluwa1851', 'user', 'Rector', 1, 'Thursday Jan 16, 2020 21:22'),
(389, 2178, 'oreoluwa1851', 'machine', '<img src=''img/93d37b904d3cd2156dd389dc936b3dffa99963254374.jpeg'' width=''60px'' height=''50px''><br> Prof. Kazeem Adekunle Adebiyi', 1, 'Thursday Jan 16, 2020 21:22'),
(390, 7004, 'oreoluwa1851', 'user', 'Who is the registrar', 0, 'Thursday Jan 16, 2020 21:23'),
(391, 3217, 'oreoluwa1851', 'machine', 'PolyHi cannot provide a reply at the moment... Please try again later', 0, 'Thursday Jan 16, 2020 21:23'),
(392, 1513, 'oreoluwa1851', 'user', 'Who is the registrar', 0, 'Thursday Jan 16, 2020 21:23'),
(393, 1609, 'oreoluwa1851', 'machine', 'PolyHi cannot provide a reply at the moment... Please try again later', 0, 'Thursday Jan 16, 2020 21:23'),
(394, 531, 'oreoluwa1851', 'user', 'Reg', 28, 'Thursday Jan 16, 2020 21:23'),
(395, 7123, 'oreoluwa1851', 'machine', '<img src=''img/23eff4517ba6c55fb3d3e13757f718ad1129a2eb6364.jpeg'' width=''60px'' height=''50px''><br> Mrs. Modupe Theresa Fawale', 28, 'Thursday Jan 16, 2020 21:23'),
(396, 1566, 'oreoluwa1851', 'user', 'R', 19, 'Thursday Jan 16, 2020 21:23'),
(397, 1503, 'oreoluwa1851', 'machine', '<b>Do you Mean <i>What is the name of the ibadan polytechnic Registrar </i></b> <br> <img src=''img/23eff4517ba6c55fb3d3e13757f718ad1129a2eb6364.jpeg'' width=''60px'' height=''50px''><br> Mrs. Modupe Theresa Fawale', 19, 'Thursday Jan 16, 2020 21:23'),
(398, 8077, 'oreoluwa1851', 'user', 'Poly', 32, 'Thursday Jan 16, 2020 21:24'),
(399, 3153, 'oreoluwa1851', 'machine', '<img src=''img/89849a7592646f96d764e32f2bcd984672f11c8e395.png'' width=''100px'' height=''110px''><br> Ibadan Poly Logo', 32, 'Thursday Jan 16, 2020 21:24'),
(400, 579, 'oreoluwa1851', 'user', 'Goos', 37, 'Thursday Jan 16, 2020 21:24'),
(401, 7604, 'oreoluwa1851', 'machine', '<b>Do you Mean <i>poly logos  </i></b> <br> <img src=''img/89849a7592646f96d764e32f2bcd984672f11c8e395.png'' width=''100px'' height=''110px''><br> Ibadan Poly Logo', 37, 'Thursday Jan 16, 2020 21:24'),
(402, 5071, 'oreoluwa1851', 'user', 'I', 19, 'Thursday Jan 16, 2020 21:25'),
(403, 9705, 'oreoluwa1851', 'machine', '<b>Do you Mean <i>What is the name of the ibadan polytechnic Registrar </i></b> <br> <img src=''img/23eff4517ba6c55fb3d3e13757f718ad1129a2eb6364.jpeg'' width=''60px'' height=''50px''><br> Mrs. Modupe Theresa Fawale', 19, 'Thursday Jan 16, 2020 21:25'),
(404, 7888, 'oreoluwa1851', 'user', 'Ibadan', 19, 'Thursday Jan 16, 2020 21:25'),
(405, 2840, 'oreoluwa1851', 'machine', '<b>Do you Mean <i>What is the name of the ibadan polytechnic Registrar </i></b> <br> <img src=''img/23eff4517ba6c55fb3d3e13757f718ad1129a2eb6364.jpeg'' width=''60px'' height=''50px''><br> Mrs. Modupe Theresa Fawale', 19, 'Thursday Jan 16, 2020 21:25');

-- --------------------------------------------------------

--
-- Table structure for table `model`
--

CREATE TABLE IF NOT EXISTS `model` (
  `id` bigint(20) NOT NULL AUTO_INCREMENT,
  `question` varchar(1000) NOT NULL,
  `indexing` varchar(2000) NOT NULL,
  `answer` varchar(1000) NOT NULL,
  PRIMARY KEY (`id`)
) ENGINE=InnoDB  DEFAULT CHARSET=latin1 AUTO_INCREMENT=49 ;

--
-- Dumping data for table `model`
--

INSERT INTO `model` (`id`, `question`, `indexing`, `answer`) VALUES
(1, 'Rector', '', '2261'),
(2, 'Who is the rector', '', '2261'),
(3, 'Ibadan Poly Rector', '', '2261'),
(4, 'Poly Ibadan Rector', '', '2261'),
(5, 'Who is the polytechnic ibadan rector', '', '2261'),
(6, 'Who is the ibadan polytechnic rector', '', '2261'),
(7, 'Registrar', '', '2647'),
(8, 'Ibadan Poly Registrar', '', '2647'),
(9, 'Ibadan Poly Registrar', '', '2647'),
(10, 'Poly Ibadan Registrar', '', '2647'),
(11, 'Who is the Registrar', '', '2647'),
(12, 'Who is the name of the Registrar', '', '2647'),
(13, 'Who is the ibadan poly Registrar', '', '2647'),
(14, 'What is the name of the ibadan poly Registrar', '', '2647'),
(15, 'What is the name of the ibadan polytechnic Registrar', '', '2647'),
(16, 'What is the name of the ibadan polytechnic Rector', '', '2261'),
(17, 'What is the name of the ibadan poly Rector', '', '2261'),
(18, 'who is the poly rector', '', '2261'),
(19, 'What is the name of the ibadan polytechnic Registrar', ' WT IS 0 NM OF 0 IBTN PLTXNK RJSTRR ', '2647'),
(20, 'What is the name the ibadan polytechnic Registrar', ' WT IS 0 NM 0 IBTN PLTXNK RJSTRR ', '2647'),
(21, 'What is the name the ibadan polytechnic Registrar', ' WT IS 0 NM 0 IBTN PLTXNK RJSTRR ', '2647'),
(22, 'official website', ' OFXL WBST ', '3567'),
(23, 'website', ' WBST ', '3567'),
(24, 'logo', ' LK ', '504'),
(25, 'poly logo', ' PL LK ', '504'),
(26, 'who reg', ' W RK ', '2647'),
(27, 'who is reg', ' W IS RK ', '2647'),
(28, 'reg', ' RK ', '2647'),
(29, 'logo poly', ' LK PL ', '504'),
(30, 'logo poly', ' LK PL ', '504'),
(31, 'logo poly', ' LK PL ', '504'),
(32, 'poly', ' LK PL ', '504'),
(33, 'poly', ' LK PL ', '504'),
(34, 'poly', ' LK PL ', '504'),
(35, 'rector ibadan poly', ' RKTR IBTN PL ', '2261'),
(36, 'ibadan poly rector', ' IBTN PL RKTR ', '2261'),
(37, 'poly logos ', ' PL LKS  ', '504'),
(38, 'logos ', ' LKS  ', '504'),
(39, 'logos of poly ibadan ', ' LKS OF PL IBTN  ', '504'),
(40, 'who  is the registrar', ' W  IS 0 RJSTRR ', '2647'),
(41, 'registrar', ' RJSTRR ', '2647'),
(42, 'registrar', ' RJSTRR ', '2647'),
(43, 'What is the name the ibadan polytechnic Registrar', ' WT IS 0 NM 0 IBTN PLTXNK RJSTRR ', '2647'),
(44, 'WTS0NMBTNPLTXNKRJSTRR', ' TSNMTNPLTKSNKRJSTR ', '6567'),
(45, 'Hello', ' HL ', '9628'),
(46, 'How are you', ' H AR Y ', '1516'),
(47, 'Fine', ' FN ', '3318'),
(48, 'Am fine', ' AM FN ', '3318');

-- --------------------------------------------------------

--
-- Table structure for table `registry`
--

CREATE TABLE IF NOT EXISTS `registry` (
  `id` bigint(20) NOT NULL AUTO_INCREMENT,
  `regno` varchar(20) NOT NULL,
  `answer` varchar(2000) NOT NULL,
  PRIMARY KEY (`id`)
) ENGINE=InnoDB  DEFAULT CHARSET=latin1 AUTO_INCREMENT=11 ;

--
-- Dumping data for table `registry`
--

INSERT INTO `registry` (`id`, `regno`, `answer`) VALUES
(1, '2261', '<img src=''img/93d37b904d3cd2156dd389dc936b3dffa99963254374.jpeg'' width=''60px'' height=''50px''><br> Prof. Kazeem Adekunle Adebiyi'),
(2, '2647', '<img src=''img/23eff4517ba6c55fb3d3e13757f718ad1129a2eb6364.jpeg'' width=''60px'' height=''50px''><br> Mrs. Modupe Theresa Fawale'),
(3, '761', '<img src=''img/7c073a308df8b6d837504d6cedf8ce0ff4d285314942.jpeg'' width=''60px'' height=''50px''><br> Mr. Olawale Adebayo Ojetola'),
(4, '2891', '<img src=''img/ae699b4084eb40898aeeda8e70b48f5bcc98ac001742.jpeg'' width=''60px'' height=''50px''><br> Engr. Stephen Folorunsho Ipadeola'),
(5, '3567', 'https://www,polyibadan.edu.ng'),
(6, '504', '<img src=''img/89849a7592646f96d764e32f2bcd984672f11c8e395.png'' width=''100px'' height=''110px''><br> Ibadan Poly Logo'),
(7, '6567', 'Good'),
(8, '1516', 'Fine, How may I help you today'),
(9, '9628', 'Hi, How are you today?'),
(10, '3318', 'Good, How may I help you today');

-- --------------------------------------------------------

--
-- Table structure for table `users`
--

CREATE TABLE IF NOT EXISTS `users` (
  `id` bigint(20) NOT NULL AUTO_INCREMENT,
  `userid` varchar(255) NOT NULL,
  `name` varchar(255) NOT NULL,
  PRIMARY KEY (`id`)
) ENGINE=InnoDB  DEFAULT CHARSET=latin1 AUTO_INCREMENT=24 ;

--
-- Dumping data for table `users`
--

INSERT INTO `users` (`id`, `userid`, `name`) VALUES
(1, 'hello4350', 'hello'),
(2, 'Oreoluwa8737', 'Oreoluwa'),
(3, 'Ore1099', 'Ore'),
(4, 'Oreoluwa1255', 'Oreoluwa'),
(5, 'Oreoluwa5095', 'Oreoluwa'),
(6, 'blessing1800', 'blessing'),
(7, 'vlessing6449', 'vlessing'),
(8, 'Oreoluwa3999', 'Oreoluwa'),
(9, 'oreoluwa4089', 'oreoluwa'),
(10, 'olad@gmail.com4254', 'olad@gmail.com'),
(11, 'gauis3699', 'gauis'),
(12, 'Oreoluwa9346', 'Oreoluwa'),
(13, 'Oreoluwa9262', 'Oreoluwa'),
(14, 'admin1995', 'admin'),
(15, 'Oreoluwa5761', 'Oreoluwa'),
(16, 'Oreoluwa1151', 'Oreoluwa'),
(17, 'oladeji7080', 'oladeji'),
(18, 'oladejioreoluwa94@gmail.com5765', 'oladejioreoluwa94@gmail.com'),
(19, 'Oreoluwa4388', 'Oreoluwa'),
(20, 'OREOLUWA 3838', 'OREOLUWA '),
(21, 'admin7183', 'admin'),
(22, 'admin5511', 'admin'),
(23, 'oreoluwa1851', 'oreoluwa');

-- --------------------------------------------------------

--
-- Table structure for table `void`
--

CREATE TABLE IF NOT EXISTS `void` (
  `id` bigint(20) NOT NULL AUTO_INCREMENT,
  `userid` varchar(255) NOT NULL,
  `question` varchar(500) NOT NULL,
  `dates` varchar(255) NOT NULL,
  PRIMARY KEY (`id`)
) ENGINE=InnoDB  DEFAULT CHARSET=latin1 AUTO_INCREMENT=112 ;

--
-- Dumping data for table `void`
--

INSERT INTO `void` (`id`, `userid`, `question`, `dates`) VALUES
(9, 'Ore', 'RK', 'Monday Nov 25, 2019 08:57'),
(10, 'Ore', 'WT', 'Monday Nov 25, 2019 09:00'),
(11, 'Ore', 'WTS0NMF0', 'Monday Nov 25, 2019 09:01'),
(12, 'Ore', 'what is the', 'Monday Nov 25, 2019 09:34'),
(13, 'Oreoluwa', 'regis', 'Wednesday Nov 27, 2019 17:28'),
(15, 'Oreoluwa', 'log', 'Wednesday Nov 27, 2019 17:40'),
(16, 'Oreoluwa', 'poly', 'Wednesday Nov 27, 2019 17:40'),
(17, 'Oreoluwa', 'logos', 'Wednesday Nov 27, 2019 17:42'),
(18, 'Oreoluwa', 'logu', 'Wednesday Nov 27, 2019 17:42'),
(19, 'Oreoluwa', 'rec', 'Monday Dec 02, 2019 14:34'),
(20, 'Oreoluwa3999', 'who iis the rector', 'Monday Dec 02, 2019 14:52'),
(21, 'Oreoluwa3999', 'rec', 'Monday Dec 02, 2019 14:56'),
(22, 'Oreoluwa3999', 'who iis the rector', 'Monday Dec 02, 2019 14:57'),
(23, 'Oreoluwa3999', 'poli logo', 'Monday Dec 02, 2019 14:57'),
(24, 'Oreoluwa3999', 'poly', 'Monday Dec 02, 2019 14:57'),
(25, 'Oreoluwa3999', 'poly', 'Monday Dec 02, 2019 14:58'),
(26, 'oreoluwa4089', 'what is the logo of poly', 'Wednesday Dec 04, 2019 12:04'),
(27, 'c81e728d9d4c2f636f067f89cc14862c', 'what is the logo of poly', 'Wednesday Dec 04, 2019 12:05'),
(28, 'olad@gmail.com4254', 'what is the logo of poly', 'Wednesday Dec 04, 2019 12:06'),
(29, 'olad@gmail.com4254', 'what is the logo of poly', 'Wednesday Dec 04, 2019 12:07'),
(30, 'olad@gmail.com4254', 'logo   poly', 'Wednesday Dec 04, 2019 12:08'),
(31, 'olad@gmail.com4254', 'logo   poly', 'Wednesday Dec 04, 2019 12:08'),
(32, 'olad@gmail.com4254', 'logo     poly', 'Wednesday Dec 04, 2019 12:11'),
(33, 'olad@gmail.com4254', 'logo   poly', 'Wednesday Dec 04, 2019 12:13'),
(34, 'olad@gmail.com4254', 'logo   poly', 'Wednesday Dec 04, 2019 12:15'),
(35, 'olad@gmail.com4254', 'logo   poly', 'Wednesday Dec 04, 2019 12:20'),
(36, 'olad@gmail.com4254', 'logo   poly', 'Wednesday Dec 04, 2019 12:21'),
(37, 'olad@gmail.com4254', 'logo   poly', 'Wednesday Dec 04, 2019 12:21'),
(38, 'olad@gmail.com4254', 'logo   poly', 'Wednesday Dec 04, 2019 12:22'),
(39, 'olad@gmail.com4254', 'logo   poly', 'Wednesday Dec 04, 2019 12:22'),
(40, 'olad@gmail.com4254', 'logo   poly', 'Wednesday Dec 04, 2019 12:23'),
(41, 'olad@gmail.com4254', 'logo   poly', 'Wednesday Dec 04, 2019 12:23'),
(42, 'olad@gmail.com4254', 'logo   poly', 'Wednesday Dec 04, 2019 12:24'),
(43, 'olad@gmail.com4254', 'logo   poly', 'Wednesday Dec 04, 2019 12:24'),
(44, 'olad@gmail.com4254', 'logo   poly', 'Wednesday Dec 04, 2019 12:25'),
(45, 'olad@gmail.com4254', 'logo   poly', 'Wednesday Dec 04, 2019 12:26'),
(46, 'olad@gmail.com4254', 'what is the logo of poly', 'Wednesday Dec 04, 2019 12:27'),
(47, 'olad@gmail.com4254', 'what is the logo of poly', 'Wednesday Dec 04, 2019 12:27'),
(48, 'olad@gmail.com4254', 'what is the logo of poly', 'Wednesday Dec 04, 2019 12:28'),
(49, 'olad@gmail.com4254', 'what is the logo of poly', 'Wednesday Dec 04, 2019 12:28'),
(50, 'olad@gmail.com4254', 'what is the logo of poly', 'Wednesday Dec 04, 2019 12:29'),
(51, 'olad@gmail.com4254', 'what is the logo of poly', 'Wednesday Dec 04, 2019 12:30'),
(52, 'olad@gmail.com4254', 'what is the logo of poly', 'Wednesday Dec 04, 2019 12:30'),
(53, 'olad@gmail.com4254', 'what is the logo of poly', 'Wednesday Dec 04, 2019 12:30'),
(54, 'olad@gmail.com4254', 'what is the logo of poly', 'Wednesday Dec 04, 2019 12:31'),
(55, 'olad@gmail.com4254', 'what is logo poly', 'Wednesday Dec 04, 2019 12:33'),
(56, 'olad@gmail.com4254', 'what is logo poly', 'Wednesday Dec 04, 2019 12:36'),
(57, 'olad@gmail.com4254', 'what is logo poly', 'Wednesday Dec 04, 2019 12:37'),
(58, 'olad@gmail.com4254', 'what is the logo of poly', 'Wednesday Dec 04, 2019 12:38'),
(59, 'olad@gmail.com4254', 'logo poly', 'Wednesday Dec 04, 2019 12:51'),
(60, 'olad@gmail.com4254', 'logo poly', 'Wednesday Dec 04, 2019 12:51'),
(61, 'olad@gmail.com4254', 'logo of poly', 'Wednesday Dec 04, 2019 12:52'),
(62, 'olad@gmail.com4254', 'logo of poly', 'Wednesday Dec 04, 2019 12:53'),
(63, 'olad@gmail.com4254', 'logo of poly', 'Wednesday Dec 04, 2019 12:53'),
(64, 'olad@gmail.com4254', 'what is logo poly', 'Wednesday Dec 04, 2019 12:54'),
(65, 'olad@gmail.com4254', 'what is logo poly', 'Wednesday Dec 04, 2019 12:55'),
(66, 'olad@gmail.com4254', 'what is logo poly', 'Wednesday Dec 04, 2019 12:56'),
(67, 'olad@gmail.com4254', 'what is logo poly', 'Wednesday Dec 04, 2019 12:56'),
(68, 'olad@gmail.com4254', 'what is logo poly', 'Wednesday Dec 04, 2019 12:59'),
(69, 'olad@gmail.com4254', 'what is the logo of poly', 'Wednesday Dec 04, 2019 13:00'),
(70, 'olad@gmail.com4254', 'what is the logo of poly', 'Wednesday Dec 04, 2019 13:01'),
(71, 'olad@gmail.com4254', 'what is the logo of poly', 'Wednesday Dec 04, 2019 13:01'),
(72, 'olad@gmail.com4254', 'what is the logo of poly', 'Wednesday Dec 04, 2019 13:02'),
(73, 'olad@gmail.com4254', 'what is the logo of poly', 'Wednesday Dec 04, 2019 13:02'),
(74, 'olad@gmail.com4254', 'what is the logo of poly', 'Wednesday Dec 04, 2019 13:02'),
(75, 'olad@gmail.com4254', 'what is the logo of poly', 'Wednesday Dec 04, 2019 13:02'),
(76, 'olad@gmail.com4254', 'registrar', 'Wednesday Dec 04, 2019 13:07'),
(77, 'olad@gmail.com4254', 'who is the rector of ibadan poly', 'Wednesday Dec 04, 2019 13:08'),
(78, 'olad@gmail.com4254', 'who is the rector of ibadan poly', 'Wednesday Dec 04, 2019 13:10'),
(79, 'olad@gmail.com4254', 'who is the rector of ibadan poly', 'Wednesday Dec 04, 2019 13:11'),
(80, 'olad@gmail.com4254', 'poly rector', 'Wednesday Dec 04, 2019 13:15'),
(81, 'olad@gmail.com4254', 'poly logos', 'Wednesday Dec 04, 2019 13:28'),
(82, 'olad@gmail.com4254', 'poly logos', 'Wednesday Dec 04, 2019 13:28'),
(83, 'gauis3699', 'what is ploy logo', 'Friday Dec 06, 2019 20:41'),
(84, 'gauis3699', 'who is the registrar', 'Friday Dec 06, 2019 20:42'),
(86, 'Oreoluwa9346', 'registrar', 'Friday Dec 06, 2019 20:45'),
(87, 'c81e728d9d4c2f636f067f89cc14862c', 'registrar', 'Friday Dec 06, 2019 20:46'),
(88, 'c81e728d9d4c2f636f067f89cc14862c', 'registrar', 'Friday Dec 06, 2019 20:46'),
(89, 'Oreoluwa9262', 'registrar', 'Friday Dec 06, 2019 20:47'),
(90, 'admin1995', 'hi', 'Thursday Dec 12, 2019 21:50'),
(91, 'c4ca4238a0b923820dcc509a6f75849b', 'hello', 'Friday Dec 20, 2019 10:58'),
(92, 'c4ca4238a0b923820dcc509a6f75849b', 'hello', 'Friday Dec 20, 2019 10:59'),
(93, 'Oreoluwa5761', 'hello', 'Friday Dec 20, 2019 10:59'),
(94, 'Oreoluwa5761', 're', 'Friday Dec 20, 2019 11:02'),
(95, 'Oreoluwa5761', 'rector', 'Friday Dec 20, 2019 11:02'),
(96, 'Oreoluwa5761', 'rector', 'Friday Dec 20, 2019 11:03'),
(97, 'Oreoluwa5761', 'rector', 'Friday Dec 20, 2019 11:06'),
(98, 'Oreoluwa5761', 'rector', 'Friday Dec 20, 2019 11:06'),
(99, 'Oreoluwa5761', 'rector', 'Friday Dec 20, 2019 11:07'),
(100, 'Oreoluwa1151', 'who', 'Friday Dec 20, 2019 11:21'),
(101, 'Oreoluwa1151', 'who', 'Friday Dec 20, 2019 11:22'),
(102, 'oladeji7080', 'hello', 'Monday Dec 23, 2019 09:54'),
(103, 'Oreoluwa4388', 'Hello', 'Thursday Jan 09, 2020 22:45'),
(104, 'Oreoluwa4388', 'Who is the rector', 'Thursday Jan 09, 2020 22:48'),
(105, 'OREOLUWA 3838', 'Hello', 'Thursday Jan 09, 2020 22:54'),
(106, 'c4ca4238a0b923820dcc509a6f75849b', 'hello75', 'Thursday Jan 16, 2020 09:18'),
(107, 'admin7183', 'Hello', 'Thursday Jan 16, 2020 09:18'),
(108, 'admin5511', 'Am fine', 'Thursday Jan 16, 2020 09:29'),
(109, 'oreoluwa1851', 'Who is poly rector', 'Thursday Jan 16, 2020 21:22'),
(110, 'oreoluwa1851', 'Who is the registrar', 'Thursday Jan 16, 2020 21:23'),
(111, 'oreoluwa1851', 'Who is the registrar', 'Thursday Jan 16, 2020 21:23');

/*!40101 SET CHARACTER_SET_CLIENT=@OLD_CHARACTER_SET_CLIENT */;
/*!40101 SET CHARACTER_SET_RESULTS=@OLD_CHARACTER_SET_RESULTS */;
/*!40101 SET COLLATION_CONNECTION=@OLD_COLLATION_CONNECTION */;
